,experiment_name,experiment_start,experiment_stop,metric__mp.input.vdu01.0__FreeRADIUS-Total-Access-Accepts,metric__mp.input.vdu01.0__FreeRADIUS-Total-Access-Rejects,metric__mp.input.vdu01.0__FreeRADIUS-Total-Access-Requests,metric__mp.input.vdu01.0__FreeRADIUS-Total-Auth-Responses,metric__mp.input.vdu01.0__stat__data__collisions,metric__mp.input.vdu01.0__stat__data__multicast,metric__mp.input.vdu01.0__stat__data__rx_bytes,metric__mp.input.vdu01.0__stat__data__rx_compressed,metric__mp.input.vdu01.0__stat__data__rx_crc_errors,metric__mp.input.vdu01.0__stat__data__rx_dropped,metric__mp.input.vdu01.0__stat__data__rx_errors,metric__mp.input.vdu01.0__stat__data__rx_fifo_errors,metric__mp.input.vdu01.0__stat__data__rx_frame_errors,metric__mp.input.vdu01.0__stat__data__rx_length_errors,metric__mp.input.vdu01.0__stat__data__rx_missed_errors,metric__mp.input.vdu01.0__stat__data__rx_nohandler,metric__mp.input.vdu01.0__stat__data__rx_over_errors,metric__mp.input.vdu01.0__stat__data__rx_packets,metric__mp.input.vdu01.0__stat__data__tx_aborted_errors,metric__mp.input.vdu01.0__stat__data__tx_bytes,metric__mp.input.vdu01.0__stat__data__tx_carrier_errors,metric__mp.input.vdu01.0__stat__data__tx_compressed,metric__mp.input.vdu01.0__stat__data__tx_dropped,metric__mp.input.vdu01.0__stat__data__tx_errors,metric__mp.input.vdu01.0__stat__data__tx_fifo_errors,metric__mp.input.vdu01.0__stat__data__tx_heartbeat_errors,metric__mp.input.vdu01.0__stat__data__tx_packets,metric__mp.input.vdu01.0__stat__data__tx_window_errors,metric__mp.input.vdu01.0__stat__eth0__collisions,metric__mp.input.vdu01.0__stat__eth0__multicast,metric__mp.input.vdu01.0__stat__eth0__rx_bytes,metric__mp.input.vdu01.0__stat__eth0__rx_compressed,metric__mp.input.vdu01.0__stat__eth0__rx_crc_errors,metric__mp.input.vdu01.0__stat__eth0__rx_dropped,metric__mp.input.vdu01.0__stat__eth0__rx_errors,metric__mp.input.vdu01.0__stat__eth0__rx_fifo_errors,metric__mp.input.vdu01.0__stat__eth0__rx_frame_errors,metric__mp.input.vdu01.0__stat__eth0__rx_length_errors,metric__mp.input.vdu01.0__stat__eth0__rx_missed_errors,metric__mp.input.vdu01.0__stat__eth0__rx_nohandler,metric__mp.input.vdu01.0__stat__eth0__rx_over_errors,metric__mp.input.vdu01.0__stat__eth0__rx_packets,metric__mp.input.vdu01.0__stat__eth0__tx_aborted_errors,metric__mp.input.vdu01.0__stat__eth0__tx_bytes,metric__mp.input.vdu01.0__stat__eth0__tx_carrier_errors,metric__mp.input.vdu01.0__stat__eth0__tx_compressed,metric__mp.input.vdu01.0__stat__eth0__tx_dropped,metric__mp.input.vdu01.0__stat__eth0__tx_errors,metric__mp.input.vdu01.0__stat__eth0__tx_fifo_errors,metric__mp.input.vdu01.0__stat__eth0__tx_heartbeat_errors,metric__mp.input.vdu01.0__stat__eth0__tx_packets,metric__mp.input.vdu01.0__stat__eth0__tx_window_errors,metric__mp.input.vdu01.0__stat__lo__collisions,metric__mp.input.vdu01.0__stat__lo__multicast,metric__mp.input.vdu01.0__stat__lo__rx_bytes,metric__mp.input.vdu01.0__stat__lo__rx_compressed,metric__mp.input.vdu01.0__stat__lo__rx_crc_errors,metric__mp.input.vdu01.0__stat__lo__rx_dropped,metric__mp.input.vdu01.0__stat__lo__rx_errors,metric__mp.input.vdu01.0__stat__lo__rx_fifo_errors,metric__mp.input.vdu01.0__stat__lo__rx_frame_errors,metric__mp.input.vdu01.0__stat__lo__rx_length_errors,metric__mp.input.vdu01.0__stat__lo__rx_missed_errors,metric__mp.input.vdu01.0__stat__lo__rx_nohandler,metric__mp.input.vdu01.0__stat__lo__rx_over_errors,metric__mp.input.vdu01.0__stat__lo__rx_packets,metric__mp.input.vdu01.0__stat__lo__tx_aborted_errors,metric__mp.input.vdu01.0__stat__lo__tx_bytes,metric__mp.input.vdu01.0__stat__lo__tx_carrier_errors,metric__mp.input.vdu01.0__stat__lo__tx_compressed,metric__mp.input.vdu01.0__stat__lo__tx_dropped,metric__mp.input.vdu01.0__stat__lo__tx_errors,metric__mp.input.vdu01.0__stat__lo__tx_fifo_errors,metric__mp.input.vdu01.0__stat__lo__tx_heartbeat_errors,metric__mp.input.vdu01.0__stat__lo__tx_packets,metric__mp.input.vdu01.0__stat__lo__tx_window_errors,metric__vnf0.vdu01.0__FreeRADIUS-Total-Access-Accepts,metric__vnf0.vdu01.0__FreeRADIUS-Total-Access-Rejects,metric__vnf0.vdu01.0__FreeRADIUS-Total-Access-Requests,metric__vnf0.vdu01.0__FreeRADIUS-Total-Auth-Responses,metric__vnf0.vdu01.0__stat__eth0__collisions,metric__vnf0.vdu01.0__stat__eth0__multicast,metric__vnf0.vdu01.0__stat__eth0__rx_bytes,metric__vnf0.vdu01.0__stat__eth0__rx_compressed,metric__vnf0.vdu01.0__stat__eth0__rx_crc_errors,metric__vnf0.vdu01.0__stat__eth0__rx_dropped,metric__vnf0.vdu01.0__stat__eth0__rx_errors,metric__vnf0.vdu01.0__stat__eth0__rx_fifo_errors,metric__vnf0.vdu01.0__stat__eth0__rx_frame_errors,metric__vnf0.vdu01.0__stat__eth0__rx_length_errors,metric__vnf0.vdu01.0__stat__eth0__rx_missed_errors,metric__vnf0.vdu01.0__stat__eth0__rx_nohandler,metric__vnf0.vdu01.0__stat__eth0__rx_over_errors,metric__vnf0.vdu01.0__stat__eth0__rx_packets,metric__vnf0.vdu01.0__stat__eth0__tx_aborted_errors,metric__vnf0.vdu01.0__stat__eth0__tx_bytes,metric__vnf0.vdu01.0__stat__eth0__tx_carrier_errors,metric__vnf0.vdu01.0__stat__eth0__tx_compressed,metric__vnf0.vdu01.0__stat__eth0__tx_dropped,metric__vnf0.vdu01.0__stat__eth0__tx_errors,metric__vnf0.vdu01.0__stat__eth0__tx_fifo_errors,metric__vnf0.vdu01.0__stat__eth0__tx_heartbeat_errors,metric__vnf0.vdu01.0__stat__eth0__tx_packets,metric__vnf0.vdu01.0__stat__eth0__tx_window_errors,metric__vnf0.vdu01.0__stat__input__collisions,metric__vnf0.vdu01.0__stat__input__multicast,metric__vnf0.vdu01.0__stat__input__rx_bytes,metric__vnf0.vdu01.0__stat__input__rx_compressed,metric__vnf0.vdu01.0__stat__input__rx_crc_errors,metric__vnf0.vdu01.0__stat__input__rx_dropped,metric__vnf0.vdu01.0__stat__input__rx_errors,metric__vnf0.vdu01.0__stat__input__rx_fifo_errors,metric__vnf0.vdu01.0__stat__input__rx_frame_errors,metric__vnf0.vdu01.0__stat__input__rx_length_errors,metric__vnf0.vdu01.0__stat__input__rx_missed_errors,metric__vnf0.vdu01.0__stat__input__rx_nohandler,metric__vnf0.vdu01.0__stat__input__rx_over_errors,metric__vnf0.vdu01.0__stat__input__rx_packets,metric__vnf0.vdu01.0__stat__input__tx_aborted_errors,metric__vnf0.vdu01.0__stat__input__tx_bytes,metric__vnf0.vdu01.0__stat__input__tx_carrier_errors,metric__vnf0.vdu01.0__stat__input__tx_compressed,metric__vnf0.vdu01.0__stat__input__tx_dropped,metric__vnf0.vdu01.0__stat__input__tx_errors,metric__vnf0.vdu01.0__stat__input__tx_fifo_errors,metric__vnf0.vdu01.0__stat__input__tx_heartbeat_errors,metric__vnf0.vdu01.0__stat__input__tx_packets,metric__vnf0.vdu01.0__stat__input__tx_window_errors,metric__vnf0.vdu01.0__stat__lo__collisions,metric__vnf0.vdu01.0__stat__lo__multicast,metric__vnf0.vdu01.0__stat__lo__rx_bytes,metric__vnf0.vdu01.0__stat__lo__rx_compressed,metric__vnf0.vdu01.0__stat__lo__rx_crc_errors,metric__vnf0.vdu01.0__stat__lo__rx_dropped,metric__vnf0.vdu01.0__stat__lo__rx_errors,metric__vnf0.vdu01.0__stat__lo__rx_fifo_errors,metric__vnf0.vdu01.0__stat__lo__rx_frame_errors,metric__vnf0.vdu01.0__stat__lo__rx_length_errors,metric__vnf0.vdu01.0__stat__lo__rx_missed_errors,metric__vnf0.vdu01.0__stat__lo__rx_nohandler,metric__vnf0.vdu01.0__stat__lo__rx_over_errors,metric__vnf0.vdu01.0__stat__lo__rx_packets,metric__vnf0.vdu01.0__stat__lo__tx_aborted_errors,metric__vnf0.vdu01.0__stat__lo__tx_bytes,metric__vnf0.vdu01.0__stat__lo__tx_carrier_errors,metric__vnf0.vdu01.0__stat__lo__tx_compressed,metric__vnf0.vdu01.0__stat__lo__tx_dropped,metric__vnf0.vdu01.0__stat__lo__tx_errors,metric__vnf0.vdu01.0__stat__lo__tx_fifo_errors,metric__vnf0.vdu01.0__stat__lo__tx_heartbeat_errors,metric__vnf0.vdu01.0__stat__lo__tx_packets,metric__vnf0.vdu01.0__stat__lo__tx_window_errors,metric__vnf0.vdu01.0__stat__mgmt__collisions,metric__vnf0.vdu01.0__stat__mgmt__multicast,metric__vnf0.vdu01.0__stat__mgmt__rx_bytes,metric__vnf0.vdu01.0__stat__mgmt__rx_compressed,metric__vnf0.vdu01.0__stat__mgmt__rx_crc_errors,metric__vnf0.vdu01.0__stat__mgmt__rx_dropped,metric__vnf0.vdu01.0__stat__mgmt__rx_errors,metric__vnf0.vdu01.0__stat__mgmt__rx_fifo_errors,metric__vnf0.vdu01.0__stat__mgmt__rx_frame_errors,metric__vnf0.vdu01.0__stat__mgmt__rx_length_errors,metric__vnf0.vdu01.0__stat__mgmt__rx_missed_errors,metric__vnf0.vdu01.0__stat__mgmt__rx_nohandler,metric__vnf0.vdu01.0__stat__mgmt__rx_over_errors,metric__vnf0.vdu01.0__stat__mgmt__rx_packets,metric__vnf0.vdu01.0__stat__mgmt__tx_aborted_errors,metric__vnf0.vdu01.0__stat__mgmt__tx_bytes,metric__vnf0.vdu01.0__stat__mgmt__tx_carrier_errors,metric__vnf0.vdu01.0__stat__mgmt__tx_compressed,metric__vnf0.vdu01.0__stat__mgmt__tx_dropped,metric__vnf0.vdu01.0__stat__mgmt__tx_errors,metric__vnf0.vdu01.0__stat__mgmt__tx_fifo_errors,metric__vnf0.vdu01.0__stat__mgmt__tx_heartbeat_errors,metric__vnf0.vdu01.0__stat__mgmt__tx_packets,metric__vnf0.vdu01.0__stat__mgmt__tx_window_errors,param__func__de.upb.vAAA.0.1__cmd_start,param__func__de.upb.vAAA.0.1__cmd_stop,param__func__de.upb.vAAA.0.1__cpu_bw,param__func__de.upb.vAAA.0.1__cpu_cores,param__func__de.upb.vAAA.0.1__io_bw,param__func__de.upb.vAAA.0.1__mem_max,param__func__de.upb.vAAA.0.1__mem_swap_max,param__func__mp.input__cmd_start,param__func__mp.input__cmd_stop,param__func__mp.input__cpu_bw,param__func__mp.input__cpu_cores,param__func__mp.input__io_bw,param__func__mp.input__mem_max,param__func__mp.input__mem_swap_max,param__header__all__config_id,param__header__all__repetition,param__header__all__time_limit,param__header__all__time_warmup,param__mp__mp.input__address,param__mp__mp.input__connection_point,param__mp__mp.input__container,param__mp__mp.input__name,run_id
0,vAAA1_00000,2019-12-02 19:23:32.827638,2019-12-02 19:24:32.890281,45429,98,45784,45527,0.0,0.0,2839200.0,0.0,0.0,0.0,0.0,0.0,0.0,0.0,0.0,0.0,0.0,45792.0,0.0,3921673.0,0.0,0.0,0.0,0.0,0.0,0.0,45787.0,0.0,0.0,0.0,1256.0,0.0,0.0,0.0,0.0,0.0,0.0,0.0,0.0,0.0,0.0,16.0,0.0,0.0,0.0,0.0,0.0,0.0,0.0,0.0,0.0,0.0,0.0,0.0,0.0,0.0,0.0,0.0,0.0,0.0,0.0,0.0,0.0,0.0,0.0,0.0,0.0,0.0,0.0,0.0,0.0,0.0,0.0,0.0,0.0,0.0,49265,104,49627,49369,0.0,0.0,1592.0,0.0,0.0,0.0,0.0,0.0,0.0,0.0,0.0,0.0,0.0,20.0,0.0,0.0,0.0,0.0,0.0,0.0,0.0,0.0,0.0,0.0,0.0,0.0,4274661.0,0.0,0.0,0.0,0.0,0.0,0.0,0.0,0.0,0.0,0.0,49907.0,0.0,3093988.0,0.0,0.0,0.0,0.0,0.0,0.0,49896.0,0.0,0.0,0.0,642.0,0.0,0.0,0.0,0.0,0.0,0.0,0.0,0.0,0.0,0.0,2.0,0.0,642.0,0.0,0.0,0.0,0.0,0.0,0.0,2.0,0.0,0.0,0.0,796.0,0.0,0.0,0.0,0.0,0.0,0.0,0.0,0.0,0.0,0.0,10.0,0.0,0.0,0.0,0.0,0.0,0.0,0.0,0.0,0.0,0.0,./start.sh,./stop.sh,0.1,"0,1",,256,,./start.sh,./stop.sh,0.5,1,,,,0,0,60,10,20.0.0.1/24,ns:input,arif332/tng-bench-mp,mp.input,0
1,vAAA1_00001,2019-12-02 19:24:53.632945,2019-12-02 19:25:53.695089,60284,98,60639,60382,0.0,0.0,3760210.0,0.0,0.0,0.0,0.0,0.0,0.0,0.0,0.0,0.0,0.0,60647.0,0.0,5194276.0,0.0,0.0,0.0,0.0,0.0,0.0,60642.0,0.0,0.0,0.0,956.0,0.0,0.0,0.0,0.0,0.0,0.0,0.0,0.0,0.0,0.0,12.0,0.0,0.0,0.0,0.0,0.0,0.0,0.0,0.0,0.0,0.0,0.0,0.0,0.0,0.0,0.0,0.0,0.0,0.0,0.0,0.0,0.0,0.0,0.0,0.0,0.0,0.0,0.0,0.0,0.0,0.0,0.0,0.0,0.0,0.0,64290,104,64652,64394,0.0,0.0,1046.0,0.0,0.0,0.0,0.0,0.0,0.0,0.0,0.0,0.0,0.0,13.0,0.0,0.0,0.0,0.0,0.0,0.0,0.0,0.0,0.0,0.0,0.0,0.0,5567737.0,0.0,0.0,0.0,0.0,0.0,0.0,0.0,0.0,0.0,0.0,65002.0,0.0,4029816.0,0.0,0.0,0.0,0.0,0.0,0.0,64990.0,0.0,0.0,0.0,642.0,0.0,0.0,0.0,0.0,0.0,0.0,0.0,0.0,0.0,0.0,2.0,0.0,642.0,0.0,0.0,0.0,0.0,0.0,0.0,2.0,0.0,0.0,0.0,796.0,0.0,0.0,0.0,0.0,0.0,0.0,0.0,0.0,0.0,0.0,10.0,0.0,0.0,0.0,0.0,0.0,0.0,0.0,0.0,0.0,0.0,./start.sh,./stop.sh,0.1,"0,1",,512,,./start.sh,./stop.sh,0.5,1,,,,1,0,60,10,20.0.0.1/24,ns:input,arif332/tng-bench-mp,mp.input,1
2,vAAA1_00002,2019-12-02 19:26:15.519325,2019-12-02 19:27:15.579202,87072,98,87427,87170,0.0,0.0,5421232.0,0.0,0.0,0.0,0.0,0.0,0.0,0.0,0.0,0.0,0.0,87438.0,0.0,7489314.0,0.0,0.0,0.0,0.0,0.0,0.0,87433.0,0.0,0.0,0.0,796.0,0.0,0.0,0.0,0.0,0.0,0.0,0.0,0.0,0.0,0.0,10.0,0.0,0.0,0.0,0.0,0.0,0.0,0.0,0.0,0.0,0.0,0.0,0.0,0.0,0.0,0.0,0.0,0.0,0.0,0.0,0.0,0.0,0.0,0.0,0.0,0.0,0.0,0.0,0.0,0.0,0.0,0.0,0.0,0.0,0.0,90019,103,90380,90122,0.0,0.0,976.0,0.0,0.0,0.0,0.0,0.0,0.0,0.0,0.0,0.0,0.0,12.0,0.0,0.0,0.0,0.0,0.0,0.0,0.0,0.0,0.0,0.0,0.0,0.0,7766145.0,0.0,0.0,0.0,0.0,0.0,0.0,0.0,0.0,0.0,0.0,90664.0,0.0,5620902.0,0.0,0.0,0.0,0.0,0.0,0.0,90653.0,0.0,0.0,0.0,642.0,0.0,0.0,0.0,0.0,0.0,0.0,0.0,0.0,0.0,0.0,2.0,0.0,642.0,0.0,0.0,0.0,0.0,0.0,0.0,2.0,0.0,0.0,0.0,796.0,0.0,0.0,0.0,0.0,0.0,0.0,0.0,0.0,0.0,0.0,10.0,0.0,0.0,0.0,0.0,0.0,0.0,0.0,0.0,0.0,0.0,./start.sh,./stop.sh,0.1,"0,1",,1024,,./start.sh,./stop.sh,0.5,1,,,,2,0,60,10,20.0.0.1/24,ns:input,arif332/tng-bench-mp,mp.input,2
3,vAAA1_00003,2019-12-02 19:27:46.942849,2019-12-02 19:28:47.005495,84411,100,84768,84511,0.0,0.0,5238972.0,0.0,0.0,0.0,0.0,0.0,0.0,0.0,0.0,0.0,0.0,84495.0,0.0,7237246.0,0.0,0.0,0.0,0.0,0.0,0.0,84490.0,0.0,0.0,0.0,866.0,0.0,0.0,0.0,0.0,0.0,0.0,0.0,0.0,0.0,0.0,11.0,0.0,0.0,0.0,0.0,0.0,0.0,0.0,0.0,0.0,0.0,0.0,0.0,0.0,0.0,0.0,0.0,0.0,0.0,0.0,0.0,0.0,0.0,0.0,0.0,0.0,0.0,0.0,0.0,0.0,0.0,0.0,0.0,0.0,0.0,86610,105,86973,86715,0.0,0.0,1046.0,0.0,0.0,0.0,0.0,0.0,0.0,0.0,0.0,0.0,0.0,13.0,0.0,0.0,0.0,0.0,0.0,0.0,0.0,0.0,0.0,0.0,0.0,0.0,7518446.0,0.0,0.0,0.0,0.0,0.0,0.0,0.0,0.0,0.0,0.0,87770.0,0.0,5441618.0,0.0,0.0,0.0,0.0,0.0,0.0,87761.0,0.0,0.0,0.0,642.0,0.0,0.0,0.0,0.0,0.0,0.0,0.0,0.0,0.0,0.0,2.0,0.0,642.0,0.0,0.0,0.0,0.0,0.0,0.0,2.0,0.0,0.0,0.0,796.0,0.0,0.0,0.0,0.0,0.0,0.0,0.0,0.0,0.0,0.0,10.0,0.0,0.0,0.0,0.0,0.0,0.0,0.0,0.0,0.0,0.0,./start.sh,./stop.sh,0.1,"0,1",,2024,,./start.sh,./stop.sh,0.5,1,,,,3,0,60,10,20.0.0.1/24,ns:input,arif332/tng-bench-mp,mp.input,3
4,vAAA1_00004,2019-12-02 19:29:19.097149,2019-12-02 19:30:19.155972,95425,104,95786,95529,0.0,0.0,5921902.0,0.0,0.0,0.0,0.0,0.0,0.0,0.0,0.0,0.0,0.0,95509.0,0.0,8180962.0,0.0,0.0,0.0,0.0,0.0,0.0,95504.0,0.0,0.0,0.0,796.0,0.0,0.0,0.0,0.0,0.0,0.0,0.0,0.0,0.0,0.0,10.0,0.0,0.0,0.0,0.0,0.0,0.0,0.0,0.0,0.0,0.0,0.0,0.0,0.0,0.0,0.0,0.0,0.0,0.0,0.0,0.0,0.0,0.0,0.0,0.0,0.0,0.0,0.0,0.0,0.0,0.0,0.0,0.0,0.0,0.0,99867,108,100233,99975,0.0,0.0,976.0,0.0,0.0,0.0,0.0,0.0,0.0,0.0,0.0,0.0,0.0,12.0,0.0,0.0,0.0,0.0,0.0,0.0,0.0,0.0,0.0,0.0,0.0,0.0,8608049.0,0.0,0.0,0.0,0.0,0.0,0.0,0.0,0.0,0.0,0.0,100491.0,0.0,6230196.0,0.0,0.0,0.0,0.0,0.0,0.0,100480.0,0.0,0.0,0.0,642.0,0.0,0.0,0.0,0.0,0.0,0.0,0.0,0.0,0.0,0.0,2.0,0.0,642.0,0.0,0.0,0.0,0.0,0.0,0.0,2.0,0.0,0.0,0.0,796.0,0.0,0.0,0.0,0.0,0.0,0.0,0.0,0.0,0.0,0.0,10.0,0.0,0.0,0.0,0.0,0.0,0.0,0.0,0.0,0.0,0.0,./start.sh,./stop.sh,0.2,"0,1",,256,,./start.sh,./stop.sh,0.5,1,,,,4,0,60,10,20.0.0.1/24,ns:input,arif332/tng-bench-mp,mp.input,4
5,vAAA1_00005,2019-12-02 19:30:39.604458,2019-12-02 19:31:39.661695,141547,104,141908,141651,0.0,0.0,8798930.0,0.0,0.0,0.0,0.0,0.0,0.0,0.0,0.0,0.0,0.0,141917.0,0.0,12156375.0,0.0,0.0,0.0,0.0,0.0,0.0,141912.0,0.0,0.0,0.0,726.0,0.0,0.0,0.0,0.0,0.0,0.0,0.0,0.0,0.0,0.0,9.0,0.0,0.0,0.0,0.0,0.0,0.0,0.0,0.0,0.0,0.0,0.0,0.0,0.0,0.0,0.0,0.0,0.0,0.0,0.0,0.0,0.0,0.0,0.0,0.0,0.0,0.0,0.0,0.0,0.0,0.0,0.0,0.0,0.0,0.0,146789,110,147157,146899,0.0,0.0,976.0,0.0,0.0,0.0,0.0,0.0,0.0,0.0,0.0,0.0,0.0,12.0,0.0,0.0,0.0,0.0,0.0,0.0,0.0,0.0,0.0,0.0,0.0,0.0,12629121.0,0.0,0.0,0.0,0.0,0.0,0.0,0.0,0.0,0.0,0.0,147430.0,0.0,9140394.0,0.0,0.0,0.0,0.0,0.0,0.0,147418.0,0.0,0.0,0.0,642.0,0.0,0.0,0.0,0.0,0.0,0.0,0.0,0.0,0.0,0.0,2.0,0.0,642.0,0.0,0.0,0.0,0.0,0.0,0.0,2.0,0.0,0.0,0.0,796.0,0.0,0.0,0.0,0.0,0.0,0.0,0.0,0.0,0.0,0.0,10.0,0.0,0.0,0.0,0.0,0.0,0.0,0.0,0.0,0.0,0.0,./start.sh,./stop.sh,0.2,"0,1",,512,,./start.sh,./stop.sh,0.5,1,,,,5,0,60,10,20.0.0.1/24,ns:input,arif332/tng-bench-mp,mp.input,5
6,vAAA1_00006,2019-12-02 19:32:00.505422,2019-12-02 19:33:00.563371,211810,104,212171,211914,0.0,0.0,13155236.0,0.0,0.0,0.0,0.0,0.0,0.0,0.0,0.0,0.0,0.0,212180.0,0.0,18175570.0,0.0,0.0,0.0,0.0,0.0,0.0,212175.0,0.0,0.0,0.0,886.0,0.0,0.0,0.0,0.0,0.0,0.0,0.0,0.0,0.0,0.0,11.0,0.0,0.0,0.0,0.0,0.0,0.0,0.0,0.0,0.0,0.0,0.0,0.0,0.0,0.0,0.0,0.0,0.0,0.0,0.0,0.0,0.0,0.0,0.0,0.0,0.0,0.0,0.0,0.0,0.0,0.0,0.0,0.0,0.0,0.0,217344,110,217712,217454,0.0,0.0,976.0,0.0,0.0,0.0,0.0,0.0,0.0,0.0,0.0,0.0,0.0,12.0,0.0,0.0,0.0,0.0,0.0,0.0,0.0,0.0,0.0,0.0,0.0,0.0,18672731.0,0.0,0.0,0.0,0.0,0.0,0.0,0.0,0.0,0.0,0.0,217978.0,0.0,13514370.0,0.0,0.0,0.0,0.0,0.0,0.0,217967.0,0.0,0.0,0.0,642.0,0.0,0.0,0.0,0.0,0.0,0.0,0.0,0.0,0.0,0.0,2.0,0.0,642.0,0.0,0.0,0.0,0.0,0.0,0.0,2.0,0.0,0.0,0.0,796.0,0.0,0.0,0.0,0.0,0.0,0.0,0.0,0.0,0.0,0.0,10.0,0.0,0.0,0.0,0.0,0.0,0.0,0.0,0.0,0.0,0.0,./start.sh,./stop.sh,0.2,"0,1",,1024,,./start.sh,./stop.sh,0.5,1,,,,6,0,60,10,20.0.0.1/24,ns:input,arif332/tng-bench-mp,mp.input,6
7,vAAA1_00007,2019-12-02 19:33:20.829005,2019-12-02 19:34:20.884946,98793,104,99154,98897,0.0,0.0,6148140.0,0.0,0.0,0.0,0.0,0.0,0.0,0.0,0.0,0.0,0.0,99162.0,0.0,8493733.0,0.0,0.0,0.0,0.0,0.0,0.0,99157.0,0.0,0.0,0.0,866.0,0.0,0.0,0.0,0.0,0.0,0.0,0.0,0.0,0.0,0.0,11.0,0.0,0.0,0.0,0.0,0.0,0.0,0.0,0.0,0.0,0.0,0.0,0.0,0.0,0.0,0.0,0.0,0.0,0.0,0.0,0.0,0.0,0.0,0.0,0.0,0.0,0.0,0.0,0.0,0.0,0.0,0.0,0.0,0.0,0.0,108868,110,109236,108978,0.0,0.0,1046.0,0.0,0.0,0.0,0.0,0.0,0.0,0.0,0.0,0.0,0.0,13.0,0.0,0.0,0.0,0.0,0.0,0.0,0.0,0.0,0.0,0.0,0.0,0.0,9380079.0,0.0,0.0,0.0,0.0,0.0,0.0,0.0,0.0,0.0,0.0,109504.0,0.0,6788940.0,0.0,0.0,0.0,0.0,0.0,0.0,109492.0,0.0,0.0,0.0,642.0,0.0,0.0,0.0,0.0,0.0,0.0,0.0,0.0,0.0,0.0,2.0,0.0,642.0,0.0,0.0,0.0,0.0,0.0,0.0,2.0,0.0,0.0,0.0,796.0,0.0,0.0,0.0,0.0,0.0,0.0,0.0,0.0,0.0,0.0,10.0,0.0,0.0,0.0,0.0,0.0,0.0,0.0,0.0,0.0,0.0,./start.sh,./stop.sh,0.2,"0,1",,2024,,./start.sh,./stop.sh,0.5,1,,,,7,0,60,10,20.0.0.1/24,ns:input,arif332/tng-bench-mp,mp.input,7
8,vAAA1_00008,2019-12-02 19:34:40.908437,2019-12-02 19:35:40.970813,169956,106,170319,170062,0.0,0.0,10543300.0,0.0,0.0,0.0,0.0,0.0,0.0,0.0,0.0,0.0,0.0,170048.0,0.0,14566402.0,0.0,0.0,0.0,0.0,0.0,0.0,170044.0,0.0,0.0,0.0,886.0,0.0,0.0,0.0,0.0,0.0,0.0,0.0,0.0,0.0,0.0,11.0,0.0,0.0,0.0,0.0,0.0,0.0,0.0,0.0,0.0,0.0,0.0,0.0,0.0,0.0,0.0,0.0,0.0,0.0,0.0,0.0,0.0,0.0,0.0,0.0,0.0,0.0,0.0,0.0,0.0,0.0,0.0,0.0,0.0,0.0,180619,110,180987,180729,0.0,0.0,976.0,0.0,0.0,0.0,0.0,0.0,0.0,0.0,0.0,0.0,0.0,12.0,0.0,0.0,0.0,0.0,0.0,0.0,0.0,0.0,0.0,0.0,0.0,0.0,15526675.0,0.0,0.0,0.0,0.0,0.0,0.0,0.0,0.0,0.0,0.0,181254.0,0.0,11237482.0,0.0,0.0,0.0,0.0,0.0,0.0,181243.0,0.0,0.0,0.0,642.0,0.0,0.0,0.0,0.0,0.0,0.0,0.0,0.0,0.0,0.0,2.0,0.0,642.0,0.0,0.0,0.0,0.0,0.0,0.0,2.0,0.0,0.0,0.0,796.0,0.0,0.0,0.0,0.0,0.0,0.0,0.0,0.0,0.0,0.0,10.0,0.0,0.0,0.0,0.0,0.0,0.0,0.0,0.0,0.0,0.0,./start.sh,./stop.sh,0.3,"0,1",,256,,./start.sh,./stop.sh,0.5,1,,,,8,0,60,10,20.0.0.1/24,ns:input,arif332/tng-bench-mp,mp.input,8
9,vAAA1_00009,2019-12-02 19:36:00.923112,2019-12-02 19:37:00.976965,146539,106,146902,146645,0.0,0.0,9097968.0,0.0,0.0,0.0,0.0,0.0,0.0,0.0,0.0,0.0,0.0,146740.0,0.0,12569668.0,0.0,0.0,0.0,0.0,0.0,0.0,146736.0,0.0,0.0,0.0,796.0,0.0,0.0,0.0,0.0,0.0,0.0,0.0,0.0,0.0,0.0,10.0,0.0,0.0,0.0,0.0,0.0,0.0,0.0,0.0,0.0,0.0,0.0,0.0,0.0,0.0,0.0,0.0,0.0,0.0,0.0,0.0,0.0,0.0,0.0,0.0,0.0,0.0,0.0,0.0,0.0,0.0,0.0,0.0,0.0,0.0,157495,110,157863,157605,0.0,0.0,976.0,0.0,0.0,0.0,0.0,0.0,0.0,0.0,0.0,0.0,0.0,12.0,0.0,0.0,0.0,0.0,0.0,0.0,0.0,0.0,0.0,0.0,0.0,0.0,13546478.0,0.0,0.0,0.0,0.0,0.0,0.0,0.0,0.0,0.0,0.0,158139.0,0.0,9804310.0,0.0,0.0,0.0,0.0,0.0,0.0,158127.0,0.0,0.0,0.0,642.0,0.0,0.0,0.0,0.0,0.0,0.0,0.0,0.0,0.0,0.0,2.0,0.0,642.0,0.0,0.0,0.0,0.0,0.0,0.0,2.0,0.0,0.0,0.0,796.0,0.0,0.0,0.0,0.0,0.0,0.0,0.0,0.0,0.0,0.0,10.0,0.0,0.0,0.0,0.0,0.0,0.0,0.0,0.0,0.0,0.0,./start.sh,./stop.sh,0.3,"0,1",,512,,./start.sh,./stop.sh,0.5,1,,,,9,0,60,10,20.0.0.1/24,ns:input,arif332/tng-bench-mp,mp.input,9
10,vAAA1_00010,2019-12-02 19:37:30.104534,2019-12-02 19:38:30.160881,152815,106,153178,152921,0.0,0.0,9480558.0,0.0,0.0,0.0,0.0,0.0,0.0,0.0,0.0,0.0,0.0,152908.0,0.0,13098017.0,0.0,0.0,0.0,0.0,0.0,0.0,152903.0,0.0,0.0,0.0,886.0,0.0,0.0,0.0,0.0,0.0,0.0,0.0,0.0,0.0,0.0,11.0,0.0,0.0,0.0,0.0,0.0,0.0,0.0,0.0,0.0,0.0,0.0,0.0,0.0,0.0,0.0,0.0,0.0,0.0,0.0,0.0,0.0,0.0,0.0,0.0,0.0,0.0,0.0,0.0,0.0,0.0,0.0,0.0,0.0,0.0,158582,110,158950,158692,0.0,0.0,976.0,0.0,0.0,0.0,0.0,0.0,0.0,0.0,0.0,0.0,0.0,12.0,0.0,0.0,0.0,0.0,0.0,0.0,0.0,0.0,0.0,0.0,0.0,0.0,13639724.0,0.0,0.0,0.0,0.0,0.0,0.0,0.0,0.0,0.0,0.0,159226.0,0.0,9871808.0,0.0,0.0,0.0,0.0,0.0,0.0,159215.0,0.0,0.0,0.0,642.0,0.0,0.0,0.0,0.0,0.0,0.0,0.0,0.0,0.0,0.0,2.0,0.0,642.0,0.0,0.0,0.0,0.0,0.0,0.0,2.0,0.0,0.0,0.0,796.0,0.0,0.0,0.0,0.0,0.0,0.0,0.0,0.0,0.0,0.0,10.0,0.0,0.0,0.0,0.0,0.0,0.0,0.0,0.0,0.0,0.0,./start.sh,./stop.sh,0.3,"0,1",,1024,,./start.sh,./stop.sh,0.5,1,,,,10,0,60,10,20.0.0.1/24,ns:input,arif332/tng-bench-mp,mp.input,10
11,vAAA1_00011,2019-12-02 19:38:59.951076,2019-12-02 19:40:00.010209,155254,106,155617,155360,0.0,0.0,9631548.0,0.0,0.0,0.0,0.0,0.0,0.0,0.0,0.0,0.0,0.0,155344.0,0.0,13306746.0,0.0,0.0,0.0,0.0,0.0,0.0,155338.0,0.0,0.0,0.0,886.0,0.0,0.0,0.0,0.0,0.0,0.0,0.0,0.0,0.0,0.0,11.0,0.0,0.0,0.0,0.0,0.0,0.0,0.0,0.0,0.0,0.0,0.0,0.0,0.0,0.0,0.0,0.0,0.0,0.0,0.0,0.0,0.0,0.0,0.0,0.0,0.0,0.0,0.0,0.0,0.0,0.0,0.0,0.0,0.0,0.0,161350,110,161718,161460,0.0,0.0,976.0,0.0,0.0,0.0,0.0,0.0,0.0,0.0,0.0,0.0,0.0,12.0,0.0,0.0,0.0,0.0,0.0,0.0,0.0,0.0,0.0,0.0,0.0,0.0,13880151.0,0.0,0.0,0.0,0.0,0.0,0.0,0.0,0.0,0.0,0.0,162033.0,0.0,10045800.0,0.0,0.0,0.0,0.0,0.0,0.0,162022.0,0.0,0.0,0.0,642.0,0.0,0.0,0.0,0.0,0.0,0.0,0.0,0.0,0.0,0.0,2.0,0.0,642.0,0.0,0.0,0.0,0.0,0.0,0.0,2.0,0.0,0.0,0.0,796.0,0.0,0.0,0.0,0.0,0.0,0.0,0.0,0.0,0.0,0.0,10.0,0.0,0.0,0.0,0.0,0.0,0.0,0.0,0.0,0.0,0.0,./start.sh,./stop.sh,0.3,"0,1",,2024,,./start.sh,./stop.sh,0.5,1,,,,11,0,60,10,20.0.0.1/24,ns:input,arif332/tng-bench-mp,mp.input,11
12,vAAA1_00012,2019-12-02 19:40:20.022479,2019-12-02 19:41:20.081207,276676,106,277039,276782,0.0,0.0,17159960.0,0.0,0.0,0.0,0.0,0.0,0.0,0.0,0.0,0.0,0.0,276769.0,0.0,23708922.0,0.0,0.0,0.0,0.0,0.0,0.0,276764.0,0.0,0.0,0.0,796.0,0.0,0.0,0.0,0.0,0.0,0.0,0.0,0.0,0.0,0.0,10.0,0.0,0.0,0.0,0.0,0.0,0.0,0.0,0.0,0.0,0.0,0.0,0.0,0.0,0.0,0.0,0.0,0.0,0.0,0.0,0.0,0.0,0.0,0.0,0.0,0.0,0.0,0.0,0.0,0.0,0.0,0.0,0.0,0.0,0.0,287917,111,288286,288028,0.0,0.0,976.0,0.0,0.0,0.0,0.0,0.0,0.0,0.0,0.0,0.0,0.0,12.0,0.0,0.0,0.0,0.0,0.0,0.0,0.0,0.0,0.0,0.0,0.0,0.0,24722570.0,0.0,0.0,0.0,0.0,0.0,0.0,0.0,0.0,0.0,0.0,288598.0,0.0,17892830.0,0.0,0.0,0.0,0.0,0.0,0.0,288587.0,0.0,0.0,0.0,642.0,0.0,0.0,0.0,0.0,0.0,0.0,0.0,0.0,0.0,0.0,2.0,0.0,642.0,0.0,0.0,0.0,0.0,0.0,0.0,2.0,0.0,0.0,0.0,796.0,0.0,0.0,0.0,0.0,0.0,0.0,0.0,0.0,0.0,0.0,10.0,0.0,0.0,0.0,0.0,0.0,0.0,0.0,0.0,0.0,0.0,./start.sh,./stop.sh,0.4,"0,1",,256,,./start.sh,./stop.sh,0.5,1,,,,12,0,60,10,20.0.0.1/24,ns:input,arif332/tng-bench-mp,mp.input,12
13,vAAA1_00013,2019-12-02 19:41:39.984255,2019-12-02 19:42:40.041202,273367,106,273730,273473,0.0,0.0,16954906.0,0.0,0.0,0.0,0.0,0.0,0.0,0.0,0.0,0.0,0.0,273462.0,0.0,23425406.0,0.0,0.0,0.0,0.0,0.0,0.0,273456.0,0.0,0.0,0.0,796.0,0.0,0.0,0.0,0.0,0.0,0.0,0.0,0.0,0.0,0.0,10.0,0.0,0.0,0.0,0.0,0.0,0.0,0.0,0.0,0.0,0.0,0.0,0.0,0.0,0.0,0.0,0.0,0.0,0.0,0.0,0.0,0.0,0.0,0.0,0.0,0.0,0.0,0.0,0.0,0.0,0.0,0.0,0.0,0.0,0.0,283945,110,284313,284055,0.0,0.0,976.0,0.0,0.0,0.0,0.0,0.0,0.0,0.0,0.0,0.0,0.0,12.0,0.0,0.0,0.0,0.0,0.0,0.0,0.0,0.0,0.0,0.0,0.0,0.0,24377621.0,0.0,0.0,0.0,0.0,0.0,0.0,0.0,0.0,0.0,0.0,284572.0,0.0,17643198.0,0.0,0.0,0.0,0.0,0.0,0.0,284560.0,0.0,0.0,0.0,642.0,0.0,0.0,0.0,0.0,0.0,0.0,0.0,0.0,0.0,0.0,2.0,0.0,642.0,0.0,0.0,0.0,0.0,0.0,0.0,2.0,0.0,0.0,0.0,796.0,0.0,0.0,0.0,0.0,0.0,0.0,0.0,0.0,0.0,0.0,10.0,0.0,0.0,0.0,0.0,0.0,0.0,0.0,0.0,0.0,0.0,./start.sh,./stop.sh,0.4,"0,1",,512,,./start.sh,./stop.sh,0.5,1,,,,13,0,60,10,20.0.0.1/24,ns:input,arif332/tng-bench-mp,mp.input,13
14,vAAA1_00014,2019-12-02 19:42:59.881708,2019-12-02 19:43:59.930996,220210,106,220573,220316,0.0,0.0,13676222.0,0.0,0.0,0.0,0.0,0.0,0.0,0.0,0.0,0.0,0.0,220583.0,0.0,18895405.0,0.0,0.0,0.0,0.0,0.0,0.0,220578.0,0.0,0.0,0.0,796.0,0.0,0.0,0.0,0.0,0.0,0.0,0.0,0.0,0.0,0.0,10.0,0.0,0.0,0.0,0.0,0.0,0.0,0.0,0.0,0.0,0.0,0.0,0.0,0.0,0.0,0.0,0.0,0.0,0.0,0.0,0.0,0.0,0.0,0.0,0.0,0.0,0.0,0.0,0.0,0.0,0.0,0.0,0.0,0.0,0.0,231932,111,232301,232043,0.0,0.0,976.0,0.0,0.0,0.0,0.0,0.0,0.0,0.0,0.0,0.0,0.0,12.0,0.0,0.0,0.0,0.0,0.0,0.0,0.0,0.0,0.0,0.0,0.0,0.0,19922347.0,0.0,0.0,0.0,0.0,0.0,0.0,0.0,0.0,0.0,0.0,232565.0,0.0,14418826.0,0.0,0.0,0.0,0.0,0.0,0.0,232555.0,0.0,0.0,0.0,642.0,0.0,0.0,0.0,0.0,0.0,0.0,0.0,0.0,0.0,0.0,2.0,0.0,642.0,0.0,0.0,0.0,0.0,0.0,0.0,2.0,0.0,0.0,0.0,796.0,0.0,0.0,0.0,0.0,0.0,0.0,0.0,0.0,0.0,0.0,10.0,0.0,0.0,0.0,0.0,0.0,0.0,0.0,0.0,0.0,0.0,./start.sh,./stop.sh,0.4,"0,1",,1024,,./start.sh,./stop.sh,0.5,1,,,,14,0,60,10,20.0.0.1/24,ns:input,arif332/tng-bench-mp,mp.input,14
15,vAAA1_00015,2019-12-02 19:44:19.872301,2019-12-02 19:45:19.929587,223018,106,223381,223124,0.0,0.0,13850360.0,0.0,0.0,0.0,0.0,0.0,0.0,0.0,0.0,0.0,0.0,223392.0,0.0,19136031.0,0.0,0.0,0.0,0.0,0.0,0.0,223387.0,0.0,0.0,0.0,866.0,0.0,0.0,0.0,0.0,0.0,0.0,0.0,0.0,0.0,0.0,11.0,0.0,0.0,0.0,0.0,0.0,0.0,0.0,0.0,0.0,0.0,0.0,0.0,0.0,0.0,0.0,0.0,0.0,0.0,0.0,0.0,0.0,0.0,0.0,0.0,0.0,0.0,0.0,0.0,0.0,0.0,0.0,0.0,0.0,0.0,234571,110,234939,234681,0.0,0.0,1046.0,0.0,0.0,0.0,0.0,0.0,0.0,0.0,0.0,0.0,0.0,13.0,0.0,0.0,0.0,0.0,0.0,0.0,0.0,0.0,0.0,0.0,0.0,0.0,20149337.0,0.0,0.0,0.0,0.0,0.0,0.0,0.0,0.0,0.0,0.0,235216.0,0.0,14583044.0,0.0,0.0,0.0,0.0,0.0,0.0,235204.0,0.0,0.0,0.0,642.0,0.0,0.0,0.0,0.0,0.0,0.0,0.0,0.0,0.0,0.0,2.0,0.0,642.0,0.0,0.0,0.0,0.0,0.0,0.0,2.0,0.0,0.0,0.0,796.0,0.0,0.0,0.0,0.0,0.0,0.0,0.0,0.0,0.0,0.0,10.0,0.0,0.0,0.0,0.0,0.0,0.0,0.0,0.0,0.0,0.0,./start.sh,./stop.sh,0.4,"0,1",,2024,,./start.sh,./stop.sh,0.5,1,,,,15,0,60,10,20.0.0.1/24,ns:input,arif332/tng-bench-mp,mp.input,15
16,vAAA1_00016,2019-12-02 19:45:39.759349,2019-12-02 19:46:39.813564,270505,106,270868,270611,0.0,0.0,16777110.0,0.0,0.0,0.0,0.0,0.0,0.0,0.0,0.0,0.0,0.0,270593.0,0.0,23179840.0,0.0,0.0,0.0,0.0,0.0,0.0,270588.0,0.0,0.0,0.0,886.0,0.0,0.0,0.0,0.0,0.0,0.0,0.0,0.0,0.0,0.0,11.0,0.0,0.0,0.0,0.0,0.0,0.0,0.0,0.0,0.0,0.0,0.0,0.0,0.0,0.0,0.0,0.0,0.0,0.0,0.0,0.0,0.0,0.0,0.0,0.0,0.0,0.0,0.0,0.0,0.0,0.0,0.0,0.0,0.0,0.0,281187,110,281555,281297,0.0,0.0,976.0,0.0,0.0,0.0,0.0,0.0,0.0,0.0,0.0,0.0,0.0,12.0,0.0,0.0,0.0,0.0,0.0,0.0,0.0,0.0,0.0,0.0,0.0,0.0,24144057.0,0.0,0.0,0.0,0.0,0.0,0.0,0.0,0.0,0.0,0.0,281845.0,0.0,17474206.0,0.0,0.0,0.0,0.0,0.0,0.0,281833.0,0.0,0.0,0.0,642.0,0.0,0.0,0.0,0.0,0.0,0.0,0.0,0.0,0.0,0.0,2.0,0.0,642.0,0.0,0.0,0.0,0.0,0.0,0.0,2.0,0.0,0.0,0.0,796.0,0.0,0.0,0.0,0.0,0.0,0.0,0.0,0.0,0.0,0.0,10.0,0.0,0.0,0.0,0.0,0.0,0.0,0.0,0.0,0.0,0.0,./start.sh,./stop.sh,0.5,"0,1",,256,,./start.sh,./stop.sh,0.5,1,,,,16,0,60,10,20.0.0.1/24,ns:input,arif332/tng-bench-mp,mp.input,16
17,vAAA1_00017,2019-12-02 19:47:00.665699,2019-12-02 19:48:00.727613,283223,106,283586,283329,0.0,0.0,17565688.0,0.0,0.0,0.0,0.0,0.0,0.0,0.0,0.0,0.0,0.0,283313.0,0.0,24269352.0,0.0,0.0,0.0,0.0,0.0,0.0,283308.0,0.0,0.0,0.0,886.0,0.0,0.0,0.0,0.0,0.0,0.0,0.0,0.0,0.0,0.0,11.0,0.0,0.0,0.0,0.0,0.0,0.0,0.0,0.0,0.0,0.0,0.0,0.0,0.0,0.0,0.0,0.0,0.0,0.0,0.0,0.0,0.0,0.0,0.0,0.0,0.0,0.0,0.0,0.0,0.0,0.0,0.0,0.0,0.0,0.0,295740,110,296108,295850,0.0,0.0,976.0,0.0,0.0,0.0,0.0,0.0,0.0,0.0,0.0,0.0,0.0,12.0,0.0,0.0,0.0,0.0,0.0,0.0,0.0,0.0,0.0,0.0,0.0,0.0,25395048.0,0.0,0.0,0.0,0.0,0.0,0.0,0.0,0.0,0.0,0.0,296448.0,0.0,18379530.0,0.0,0.0,0.0,0.0,0.0,0.0,296436.0,0.0,0.0,0.0,642.0,0.0,0.0,0.0,0.0,0.0,0.0,0.0,0.0,0.0,0.0,2.0,0.0,642.0,0.0,0.0,0.0,0.0,0.0,0.0,2.0,0.0,0.0,0.0,796.0,0.0,0.0,0.0,0.0,0.0,0.0,0.0,0.0,0.0,0.0,10.0,0.0,0.0,0.0,0.0,0.0,0.0,0.0,0.0,0.0,0.0,./start.sh,./stop.sh,0.5,"0,1",,512,,./start.sh,./stop.sh,0.5,1,,,,17,0,60,10,20.0.0.1/24,ns:input,arif332/tng-bench-mp,mp.input,17
18,vAAA1_00018,2019-12-02 19:48:20.641336,2019-12-02 19:49:20.697215,273974,106,274337,274080,0.0,0.0,16991610.0,0.0,0.0,0.0,0.0,0.0,0.0,0.0,0.0,0.0,0.0,274054.0,0.0,23476124.0,0.0,0.0,0.0,0.0,0.0,0.0,274049.0,0.0,0.0,0.0,886.0,0.0,0.0,0.0,0.0,0.0,0.0,0.0,0.0,0.0,0.0,11.0,0.0,0.0,0.0,0.0,0.0,0.0,0.0,0.0,0.0,0.0,0.0,0.0,0.0,0.0,0.0,0.0,0.0,0.0,0.0,0.0,0.0,0.0,0.0,0.0,0.0,0.0,0.0,0.0,0.0,0.0,0.0,0.0,0.0,0.0,285372,110,285740,285482,0.0,0.0,976.0,0.0,0.0,0.0,0.0,0.0,0.0,0.0,0.0,0.0,0.0,12.0,0.0,0.0,0.0,0.0,0.0,0.0,0.0,0.0,0.0,0.0,0.0,0.0,24510854.0,0.0,0.0,0.0,0.0,0.0,0.0,0.0,0.0,0.0,0.0,286128.0,0.0,17739608.0,0.0,0.0,0.0,0.0,0.0,0.0,286116.0,0.0,0.0,0.0,642.0,0.0,0.0,0.0,0.0,0.0,0.0,0.0,0.0,0.0,0.0,2.0,0.0,642.0,0.0,0.0,0.0,0.0,0.0,0.0,2.0,0.0,0.0,0.0,796.0,0.0,0.0,0.0,0.0,0.0,0.0,0.0,0.0,0.0,0.0,10.0,0.0,0.0,0.0,0.0,0.0,0.0,0.0,0.0,0.0,0.0,./start.sh,./stop.sh,0.5,"0,1",,1024,,./start.sh,./stop.sh,0.5,1,,,,18,0,60,10,20.0.0.1/24,ns:input,arif332/tng-bench-mp,mp.input,18
19,vAAA1_00019,2019-12-02 19:49:50.296299,2019-12-02 19:50:50.351161,275930,106,276293,276036,0.0,0.0,17113088.0,0.0,0.0,0.0,0.0,0.0,0.0,0.0,0.0,0.0,0.0,276015.0,0.0,23644158.0,0.0,0.0,0.0,0.0,0.0,0.0,276009.0,0.0,0.0,0.0,796.0,0.0,0.0,0.0,0.0,0.0,0.0,0.0,0.0,0.0,0.0,10.0,0.0,0.0,0.0,0.0,0.0,0.0,0.0,0.0,0.0,0.0,0.0,0.0,0.0,0.0,0.0,0.0,0.0,0.0,0.0,0.0,0.0,0.0,0.0,0.0,0.0,0.0,0.0,0.0,0.0,0.0,0.0,0.0,0.0,0.0,288684,110,289052,288794,0.0,0.0,976.0,0.0,0.0,0.0,0.0,0.0,0.0,0.0,0.0,0.0,0.0,12.0,0.0,0.0,0.0,0.0,0.0,0.0,0.0,0.0,0.0,0.0,0.0,0.0,24784080.0,0.0,0.0,0.0,0.0,0.0,0.0,0.0,0.0,0.0,0.0,289316.0,0.0,17937346.0,0.0,0.0,0.0,0.0,0.0,0.0,289305.0,0.0,0.0,0.0,642.0,0.0,0.0,0.0,0.0,0.0,0.0,0.0,0.0,0.0,0.0,2.0,0.0,642.0,0.0,0.0,0.0,0.0,0.0,0.0,2.0,0.0,0.0,0.0,796.0,0.0,0.0,0.0,0.0,0.0,0.0,0.0,0.0,0.0,0.0,10.0,0.0,0.0,0.0,0.0,0.0,0.0,0.0,0.0,0.0,0.0,./start.sh,./stop.sh,0.5,"0,1",,2024,,./start.sh,./stop.sh,0.5,1,,,,19,0,60,10,20.0.0.1/24,ns:input,arif332/tng-bench-mp,mp.input,19
20,vAAA1_00020,2019-12-02 19:51:19.571690,2019-12-02 19:52:19.625176,283347,106,283710,283453,0.0,0.0,17573232.0,0.0,0.0,0.0,0.0,0.0,0.0,0.0,0.0,0.0,0.0,283435.0,0.0,24279933.0,0.0,0.0,0.0,0.0,0.0,0.0,283430.0,0.0,0.0,0.0,796.0,0.0,0.0,0.0,0.0,0.0,0.0,0.0,0.0,0.0,0.0,10.0,0.0,0.0,0.0,0.0,0.0,0.0,0.0,0.0,0.0,0.0,0.0,0.0,0.0,0.0,0.0,0.0,0.0,0.0,0.0,0.0,0.0,0.0,0.0,0.0,0.0,0.0,0.0,0.0,0.0,0.0,0.0,0.0,0.0,0.0,295421,110,295789,295531,0.0,0.0,976.0,0.0,0.0,0.0,0.0,0.0,0.0,0.0,0.0,0.0,0.0,12.0,0.0,0.0,0.0,0.0,0.0,0.0,0.0,0.0,0.0,0.0,0.0,0.0,25365152.0,0.0,0.0,0.0,0.0,0.0,0.0,0.0,0.0,0.0,0.0,296100.0,0.0,18357914.0,0.0,0.0,0.0,0.0,0.0,0.0,296089.0,0.0,0.0,0.0,642.0,0.0,0.0,0.0,0.0,0.0,0.0,0.0,0.0,0.0,0.0,2.0,0.0,642.0,0.0,0.0,0.0,0.0,0.0,0.0,2.0,0.0,0.0,0.0,796.0,0.0,0.0,0.0,0.0,0.0,0.0,0.0,0.0,0.0,0.0,10.0,0.0,0.0,0.0,0.0,0.0,0.0,0.0,0.0,0.0,0.0,./start.sh,./stop.sh,0.6,"0,1",,256,,./start.sh,./stop.sh,0.5,1,,,,20,0,60,10,20.0.0.1/24,ns:input,arif332/tng-bench-mp,mp.input,20
21,vAAA1_00021,2019-12-02 19:52:39.561749,2019-12-02 19:53:39.616808,271920,106,272283,272026,0.0,0.0,16864902.0,0.0,0.0,0.0,0.0,0.0,0.0,0.0,0.0,0.0,0.0,272010.0,0.0,23301324.0,0.0,0.0,0.0,0.0,0.0,0.0,272006.0,0.0,0.0,0.0,886.0,0.0,0.0,0.0,0.0,0.0,0.0,0.0,0.0,0.0,0.0,11.0,0.0,0.0,0.0,0.0,0.0,0.0,0.0,0.0,0.0,0.0,0.0,0.0,0.0,0.0,0.0,0.0,0.0,0.0,0.0,0.0,0.0,0.0,0.0,0.0,0.0,0.0,0.0,0.0,0.0,0.0,0.0,0.0,0.0,0.0,284199,111,284568,284310,0.0,0.0,976.0,0.0,0.0,0.0,0.0,0.0,0.0,0.0,0.0,0.0,0.0,12.0,0.0,0.0,0.0,0.0,0.0,0.0,0.0,0.0,0.0,0.0,0.0,0.0,24401237.0,0.0,0.0,0.0,0.0,0.0,0.0,0.0,0.0,0.0,0.0,284847.0,0.0,17660268.0,0.0,0.0,0.0,0.0,0.0,0.0,284836.0,0.0,0.0,0.0,642.0,0.0,0.0,0.0,0.0,0.0,0.0,0.0,0.0,0.0,0.0,2.0,0.0,642.0,0.0,0.0,0.0,0.0,0.0,0.0,2.0,0.0,0.0,0.0,796.0,0.0,0.0,0.0,0.0,0.0,0.0,0.0,0.0,0.0,0.0,10.0,0.0,0.0,0.0,0.0,0.0,0.0,0.0,0.0,0.0,0.0,./start.sh,./stop.sh,0.6,"0,1",,512,,./start.sh,./stop.sh,0.5,1,,,,21,0,60,10,20.0.0.1/24,ns:input,arif332/tng-bench-mp,mp.input,21
22,vAAA1_00022,2019-12-02 19:53:59.670738,2019-12-02 19:54:59.729618,278647,106,279010,278753,0.0,0.0,17282018.0,0.0,0.0,0.0,0.0,0.0,0.0,0.0,0.0,0.0,0.0,278738.0,0.0,23877554.0,0.0,0.0,0.0,0.0,0.0,0.0,278733.0,0.0,0.0,0.0,796.0,0.0,0.0,0.0,0.0,0.0,0.0,0.0,0.0,0.0,0.0,10.0,0.0,0.0,0.0,0.0,0.0,0.0,0.0,0.0,0.0,0.0,0.0,0.0,0.0,0.0,0.0,0.0,0.0,0.0,0.0,0.0,0.0,0.0,0.0,0.0,0.0,0.0,0.0,0.0,0.0,0.0,0.0,0.0,0.0,0.0,290561,110,290929,290671,0.0,0.0,976.0,0.0,0.0,0.0,0.0,0.0,0.0,0.0,0.0,0.0,0.0,12.0,0.0,0.0,0.0,0.0,0.0,0.0,0.0,0.0,0.0,0.0,0.0,0.0,24946756.0,0.0,0.0,0.0,0.0,0.0,0.0,0.0,0.0,0.0,0.0,291216.0,0.0,18055106.0,0.0,0.0,0.0,0.0,0.0,0.0,291204.0,0.0,0.0,0.0,642.0,0.0,0.0,0.0,0.0,0.0,0.0,0.0,0.0,0.0,0.0,2.0,0.0,642.0,0.0,0.0,0.0,0.0,0.0,0.0,2.0,0.0,0.0,0.0,796.0,0.0,0.0,0.0,0.0,0.0,0.0,0.0,0.0,0.0,0.0,10.0,0.0,0.0,0.0,0.0,0.0,0.0,0.0,0.0,0.0,0.0,./start.sh,./stop.sh,0.6,"0,1",,1024,,./start.sh,./stop.sh,0.5,1,,,,22,0,60,10,20.0.0.1/24,ns:input,arif332/tng-bench-mp,mp.input,22
23,vAAA1_00023,2019-12-02 19:55:29.040187,2019-12-02 19:56:29.102207,282902,106,283265,283008,0.0,0.0,17545290.0,0.0,0.0,0.0,0.0,0.0,0.0,0.0,0.0,0.0,0.0,282983.0,0.0,24241254.0,0.0,0.0,0.0,0.0,0.0,0.0,282979.0,0.0,0.0,0.0,796.0,0.0,0.0,0.0,0.0,0.0,0.0,0.0,0.0,0.0,0.0,10.0,0.0,0.0,0.0,0.0,0.0,0.0,0.0,0.0,0.0,0.0,0.0,0.0,0.0,0.0,0.0,0.0,0.0,0.0,0.0,0.0,0.0,0.0,0.0,0.0,0.0,0.0,0.0,0.0,0.0,0.0,0.0,0.0,0.0,0.0,293999,112,294369,294111,0.0,0.0,976.0,0.0,0.0,0.0,0.0,0.0,0.0,0.0,0.0,0.0,0.0,12.0,0.0,0.0,0.0,0.0,0.0,0.0,0.0,0.0,0.0,0.0,0.0,0.0,25246763.0,0.0,0.0,0.0,0.0,0.0,0.0,0.0,0.0,0.0,0.0,294716.0,0.0,18272208.0,0.0,0.0,0.0,0.0,0.0,0.0,294705.0,0.0,0.0,0.0,642.0,0.0,0.0,0.0,0.0,0.0,0.0,0.0,0.0,0.0,0.0,2.0,0.0,642.0,0.0,0.0,0.0,0.0,0.0,0.0,2.0,0.0,0.0,0.0,796.0,0.0,0.0,0.0,0.0,0.0,0.0,0.0,0.0,0.0,0.0,10.0,0.0,0.0,0.0,0.0,0.0,0.0,0.0,0.0,0.0,0.0,./start.sh,./stop.sh,0.6,"0,1",,2024,,./start.sh,./stop.sh,0.5,1,,,,23,0,60,10,20.0.0.1/24,ns:input,arif332/tng-bench-mp,mp.input,23
24,vAAA1_00024,2019-12-02 19:56:58.457365,2019-12-02 19:57:58.511442,175436,106,175799,175542,0.0,0.0,10882460.0,0.0,0.0,0.0,0.0,0.0,0.0,0.0,0.0,0.0,0.0,175518.0,0.0,15035002.0,0.0,0.0,0.0,0.0,0.0,0.0,175513.0,0.0,0.0,0.0,796.0,0.0,0.0,0.0,0.0,0.0,0.0,0.0,0.0,0.0,0.0,10.0,0.0,0.0,0.0,0.0,0.0,0.0,0.0,0.0,0.0,0.0,0.0,0.0,0.0,0.0,0.0,0.0,0.0,0.0,0.0,0.0,0.0,0.0,0.0,0.0,0.0,0.0,0.0,0.0,0.0,0.0,0.0,0.0,0.0,0.0,185785,112,186155,185897,0.0,0.0,976.0,0.0,0.0,0.0,0.0,0.0,0.0,0.0,0.0,0.0,0.0,12.0,0.0,0.0,0.0,0.0,0.0,0.0,0.0,0.0,0.0,0.0,0.0,0.0,15983113.0,0.0,0.0,0.0,0.0,0.0,0.0,0.0,0.0,0.0,0.0,186582.0,0.0,11567776.0,0.0,0.0,0.0,0.0,0.0,0.0,186570.0,0.0,0.0,0.0,642.0,0.0,0.0,0.0,0.0,0.0,0.0,0.0,0.0,0.0,0.0,2.0,0.0,642.0,0.0,0.0,0.0,0.0,0.0,0.0,2.0,0.0,0.0,0.0,796.0,0.0,0.0,0.0,0.0,0.0,0.0,0.0,0.0,0.0,0.0,10.0,0.0,0.0,0.0,0.0,0.0,0.0,0.0,0.0,0.0,0.0,./start.sh,./stop.sh,0.7,"0,1",,256,,./start.sh,./stop.sh,0.5,1,,,,24,0,60,10,20.0.0.1/24,ns:input,arif332/tng-bench-mp,mp.input,24
25,vAAA1_00025,2019-12-02 19:58:18.620156,2019-12-02 19:59:18.680303,273944,106,274307,274050,0.0,0.0,16989832.0,0.0,0.0,0.0,0.0,0.0,0.0,0.0,0.0,0.0,0.0,274026.0,0.0,23473846.0,0.0,0.0,0.0,0.0,0.0,0.0,274020.0,0.0,0.0,0.0,796.0,0.0,0.0,0.0,0.0,0.0,0.0,0.0,0.0,0.0,0.0,10.0,0.0,0.0,0.0,0.0,0.0,0.0,0.0,0.0,0.0,0.0,0.0,0.0,0.0,0.0,0.0,0.0,0.0,0.0,0.0,0.0,0.0,0.0,0.0,0.0,0.0,0.0,0.0,0.0,0.0,0.0,0.0,0.0,0.0,0.0,286006,112,286376,286118,0.0,0.0,976.0,0.0,0.0,0.0,0.0,0.0,0.0,0.0,0.0,0.0,0.0,12.0,0.0,0.0,0.0,0.0,0.0,0.0,0.0,0.0,0.0,0.0,0.0,0.0,24559195.0,0.0,0.0,0.0,0.0,0.0,0.0,0.0,0.0,0.0,0.0,286691.0,0.0,17774596.0,0.0,0.0,0.0,0.0,0.0,0.0,286680.0,0.0,0.0,0.0,642.0,0.0,0.0,0.0,0.0,0.0,0.0,0.0,0.0,0.0,0.0,2.0,0.0,642.0,0.0,0.0,0.0,0.0,0.0,0.0,2.0,0.0,0.0,0.0,796.0,0.0,0.0,0.0,0.0,0.0,0.0,0.0,0.0,0.0,0.0,10.0,0.0,0.0,0.0,0.0,0.0,0.0,0.0,0.0,0.0,0.0,./start.sh,./stop.sh,0.7,"0,1",,512,,./start.sh,./stop.sh,0.5,1,,,,25,0,60,10,20.0.0.1/24,ns:input,arif332/tng-bench-mp,mp.input,25
26,vAAA1_00026,2019-12-02 19:59:38.638281,2019-12-02 20:00:38.695359,283116,106,283479,283222,0.0,0.0,17557752.0,0.0,0.0,0.0,0.0,0.0,0.0,0.0,0.0,0.0,0.0,283185.0,0.0,24258473.0,0.0,0.0,0.0,0.0,0.0,0.0,283179.0,0.0,0.0,0.0,796.0,0.0,0.0,0.0,0.0,0.0,0.0,0.0,0.0,0.0,0.0,10.0,0.0,0.0,0.0,0.0,0.0,0.0,0.0,0.0,0.0,0.0,0.0,0.0,0.0,0.0,0.0,0.0,0.0,0.0,0.0,0.0,0.0,0.0,0.0,0.0,0.0,0.0,0.0,0.0,0.0,0.0,0.0,0.0,0.0,0.0,294278,111,294647,294389,0.0,0.0,976.0,0.0,0.0,0.0,0.0,0.0,0.0,0.0,0.0,0.0,0.0,12.0,0.0,0.0,0.0,0.0,0.0,0.0,0.0,0.0,0.0,0.0,0.0,0.0,25265953.0,0.0,0.0,0.0,0.0,0.0,0.0,0.0,0.0,0.0,0.0,294941.0,0.0,18286158.0,0.0,0.0,0.0,0.0,0.0,0.0,294930.0,0.0,0.0,0.0,642.0,0.0,0.0,0.0,0.0,0.0,0.0,0.0,0.0,0.0,0.0,2.0,0.0,642.0,0.0,0.0,0.0,0.0,0.0,0.0,2.0,0.0,0.0,0.0,796.0,0.0,0.0,0.0,0.0,0.0,0.0,0.0,0.0,0.0,0.0,10.0,0.0,0.0,0.0,0.0,0.0,0.0,0.0,0.0,0.0,0.0,./start.sh,./stop.sh,0.7,"0,1",,1024,,./start.sh,./stop.sh,0.5,1,,,,26,0,60,10,20.0.0.1/24,ns:input,arif332/tng-bench-mp,mp.input,26
27,vAAA1_00027,2019-12-02 20:00:58.615863,2019-12-02 20:01:58.671404,275801,106,276164,275907,0.0,0.0,17105090.0,0.0,0.0,0.0,0.0,0.0,0.0,0.0,0.0,0.0,0.0,275883.0,0.0,23632929.0,0.0,0.0,0.0,0.0,0.0,0.0,275879.0,0.0,0.0,0.0,796.0,0.0,0.0,0.0,0.0,0.0,0.0,0.0,0.0,0.0,0.0,10.0,0.0,0.0,0.0,0.0,0.0,0.0,0.0,0.0,0.0,0.0,0.0,0.0,0.0,0.0,0.0,0.0,0.0,0.0,0.0,0.0,0.0,0.0,0.0,0.0,0.0,0.0,0.0,0.0,0.0,0.0,0.0,0.0,0.0,0.0,287453,112,287823,287565,0.0,0.0,976.0,0.0,0.0,0.0,0.0,0.0,0.0,0.0,0.0,0.0,0.0,12.0,0.0,0.0,0.0,0.0,0.0,0.0,0.0,0.0,0.0,0.0,0.0,0.0,24739354.0,0.0,0.0,0.0,0.0,0.0,0.0,0.0,0.0,0.0,0.0,288792.0,0.0,17904982.0,0.0,0.0,0.0,0.0,0.0,0.0,288783.0,0.0,0.0,0.0,642.0,0.0,0.0,0.0,0.0,0.0,0.0,0.0,0.0,0.0,0.0,2.0,0.0,642.0,0.0,0.0,0.0,0.0,0.0,0.0,2.0,0.0,0.0,0.0,796.0,0.0,0.0,0.0,0.0,0.0,0.0,0.0,0.0,0.0,0.0,10.0,0.0,0.0,0.0,0.0,0.0,0.0,0.0,0.0,0.0,0.0,./start.sh,./stop.sh,0.7,"0,1",,2024,,./start.sh,./stop.sh,0.5,1,,,,27,0,60,10,20.0.0.1/24,ns:input,arif332/tng-bench-mp,mp.input,27
28,vAAA1_00028,2019-12-02 20:02:18.671420,2019-12-02 20:03:18.723092,282338,106,282701,282444,0.0,0.0,17511128.0,0.0,0.0,0.0,0.0,0.0,0.0,0.0,0.0,0.0,0.0,282433.0,0.0,24193966.0,0.0,0.0,0.0,0.0,0.0,0.0,282428.0,0.0,0.0,0.0,886.0,0.0,0.0,0.0,0.0,0.0,0.0,0.0,0.0,0.0,0.0,11.0,0.0,0.0,0.0,0.0,0.0,0.0,0.0,0.0,0.0,0.0,0.0,0.0,0.0,0.0,0.0,0.0,0.0,0.0,0.0,0.0,0.0,0.0,0.0,0.0,0.0,0.0,0.0,0.0,0.0,0.0,0.0,0.0,0.0,0.0,293533,111,293902,293644,0.0,0.0,976.0,0.0,0.0,0.0,0.0,0.0,0.0,0.0,0.0,0.0,0.0,12.0,0.0,0.0,0.0,0.0,0.0,0.0,0.0,0.0,0.0,0.0,0.0,0.0,25199388.0,0.0,0.0,0.0,0.0,0.0,0.0,0.0,0.0,0.0,0.0,294163.0,0.0,18237922.0,0.0,0.0,0.0,0.0,0.0,0.0,294152.0,0.0,0.0,0.0,642.0,0.0,0.0,0.0,0.0,0.0,0.0,0.0,0.0,0.0,0.0,2.0,0.0,642.0,0.0,0.0,0.0,0.0,0.0,0.0,2.0,0.0,0.0,0.0,796.0,0.0,0.0,0.0,0.0,0.0,0.0,0.0,0.0,0.0,0.0,10.0,0.0,0.0,0.0,0.0,0.0,0.0,0.0,0.0,0.0,0.0,./start.sh,./stop.sh,0.8,"0,1",,256,,./start.sh,./stop.sh,0.5,1,,,,28,0,60,10,20.0.0.1/24,ns:input,arif332/tng-bench-mp,mp.input,28
29,vAAA1_00029,2019-12-02 20:03:38.606102,2019-12-02 20:04:38.665947,278577,106,278940,278683,0.0,0.0,17277636.0,0.0,0.0,0.0,0.0,0.0,0.0,0.0,0.0,0.0,0.0,278669.0,0.0,23871488.0,0.0,0.0,0.0,0.0,0.0,0.0,278663.0,0.0,0.0,0.0,796.0,0.0,0.0,0.0,0.0,0.0,0.0,0.0,0.0,0.0,0.0,10.0,0.0,0.0,0.0,0.0,0.0,0.0,0.0,0.0,0.0,0.0,0.0,0.0,0.0,0.0,0.0,0.0,0.0,0.0,0.0,0.0,0.0,0.0,0.0,0.0,0.0,0.0,0.0,0.0,0.0,0.0,0.0,0.0,0.0,0.0,290231,110,290599,290341,0.0,0.0,976.0,0.0,0.0,0.0,0.0,0.0,0.0,0.0,0.0,0.0,0.0,12.0,0.0,0.0,0.0,0.0,0.0,0.0,0.0,0.0,0.0,0.0,0.0,0.0,24917085.0,0.0,0.0,0.0,0.0,0.0,0.0,0.0,0.0,0.0,0.0,290868.0,0.0,18033632.0,0.0,0.0,0.0,0.0,0.0,0.0,290858.0,0.0,0.0,0.0,642.0,0.0,0.0,0.0,0.0,0.0,0.0,0.0,0.0,0.0,0.0,2.0,0.0,642.0,0.0,0.0,0.0,0.0,0.0,0.0,2.0,0.0,0.0,0.0,796.0,0.0,0.0,0.0,0.0,0.0,0.0,0.0,0.0,0.0,0.0,10.0,0.0,0.0,0.0,0.0,0.0,0.0,0.0,0.0,0.0,0.0,./start.sh,./stop.sh,0.8,"0,1",,512,,./start.sh,./stop.sh,0.5,1,,,,29,0,60,10,20.0.0.1/24,ns:input,arif332/tng-bench-mp,mp.input,29
30,vAAA1_00030,2019-12-02 20:05:09.229919,2019-12-02 20:06:09.289174,267750,106,268113,267856,0.0,0.0,16606176.0,0.0,0.0,0.0,0.0,0.0,0.0,0.0,0.0,0.0,0.0,267837.0,0.0,22943625.0,0.0,0.0,0.0,0.0,0.0,0.0,267832.0,0.0,0.0,0.0,796.0,0.0,0.0,0.0,0.0,0.0,0.0,0.0,0.0,0.0,0.0,10.0,0.0,0.0,0.0,0.0,0.0,0.0,0.0,0.0,0.0,0.0,0.0,0.0,0.0,0.0,0.0,0.0,0.0,0.0,0.0,0.0,0.0,0.0,0.0,0.0,0.0,0.0,0.0,0.0,0.0,0.0,0.0,0.0,0.0,0.0,279386,111,279756,279497,0.0,0.0,976.0,0.0,0.0,0.0,0.0,0.0,0.0,0.0,0.0,0.0,0.0,12.0,0.0,0.0,0.0,0.0,0.0,0.0,0.0,0.0,0.0,0.0,0.0,0.0,23990938.0,0.0,0.0,0.0,0.0,0.0,0.0,0.0,0.0,0.0,0.0,280058.0,0.0,17363350.0,0.0,0.0,0.0,0.0,0.0,0.0,280047.0,0.0,0.0,0.0,642.0,0.0,0.0,0.0,0.0,0.0,0.0,0.0,0.0,0.0,0.0,2.0,0.0,642.0,0.0,0.0,0.0,0.0,0.0,0.0,2.0,0.0,0.0,0.0,796.0,0.0,0.0,0.0,0.0,0.0,0.0,0.0,0.0,0.0,0.0,10.0,0.0,0.0,0.0,0.0,0.0,0.0,0.0,0.0,0.0,0.0,./start.sh,./stop.sh,0.8,"0,1",,1024,,./start.sh,./stop.sh,0.5,1,,,,30,0,60,10,20.0.0.1/24,ns:input,arif332/tng-bench-mp,mp.input,30
31,vAAA1_00031,2019-12-02 20:06:38.795821,2019-12-02 20:07:38.852469,268659,106,269022,268765,0.0,0.0,16662968.0,0.0,0.0,0.0,0.0,0.0,0.0,0.0,0.0,0.0,0.0,268753.0,0.0,23022111.0,0.0,0.0,0.0,0.0,0.0,0.0,268748.0,0.0,0.0,0.0,796.0,0.0,0.0,0.0,0.0,0.0,0.0,0.0,0.0,0.0,0.0,10.0,0.0,0.0,0.0,0.0,0.0,0.0,0.0,0.0,0.0,0.0,0.0,0.0,0.0,0.0,0.0,0.0,0.0,0.0,0.0,0.0,0.0,0.0,0.0,0.0,0.0,0.0,0.0,0.0,0.0,0.0,0.0,0.0,0.0,0.0,280213,110,280581,280323,0.0,0.0,976.0,0.0,0.0,0.0,0.0,0.0,0.0,0.0,0.0,0.0,0.0,12.0,0.0,0.0,0.0,0.0,0.0,0.0,0.0,0.0,0.0,0.0,0.0,0.0,24065911.0,0.0,0.0,0.0,0.0,0.0,0.0,0.0,0.0,0.0,0.0,280933.0,0.0,17417600.0,0.0,0.0,0.0,0.0,0.0,0.0,280922.0,0.0,0.0,0.0,642.0,0.0,0.0,0.0,0.0,0.0,0.0,0.0,0.0,0.0,0.0,2.0,0.0,642.0,0.0,0.0,0.0,0.0,0.0,0.0,2.0,0.0,0.0,0.0,796.0,0.0,0.0,0.0,0.0,0.0,0.0,0.0,0.0,0.0,0.0,10.0,0.0,0.0,0.0,0.0,0.0,0.0,0.0,0.0,0.0,0.0,./start.sh,./stop.sh,0.8,"0,1",,2024,,./start.sh,./stop.sh,0.5,1,,,,31,0,60,10,20.0.0.1/24,ns:input,arif332/tng-bench-mp,mp.input,31
32,vAAA1_00032,2019-12-02 20:07:59.860936,2019-12-02 20:08:59.919392,273175,106,273538,273281,0.0,0.0,16942588.0,0.0,0.0,0.0,0.0,0.0,0.0,0.0,0.0,0.0,0.0,273263.0,0.0,23408487.0,0.0,0.0,0.0,0.0,0.0,0.0,273258.0,0.0,0.0,0.0,726.0,0.0,0.0,0.0,0.0,0.0,0.0,0.0,0.0,0.0,0.0,9.0,0.0,0.0,0.0,0.0,0.0,0.0,0.0,0.0,0.0,0.0,0.0,0.0,0.0,0.0,0.0,0.0,0.0,0.0,0.0,0.0,0.0,0.0,0.0,0.0,0.0,0.0,0.0,0.0,0.0,0.0,0.0,0.0,0.0,0.0,284924,111,285293,285035,0.0,0.0,976.0,0.0,0.0,0.0,0.0,0.0,0.0,0.0,0.0,0.0,0.0,12.0,0.0,0.0,0.0,0.0,0.0,0.0,0.0,0.0,0.0,0.0,0.0,0.0,24468822.0,0.0,0.0,0.0,0.0,0.0,0.0,0.0,0.0,0.0,0.0,285635.0,0.0,17709186.0,0.0,0.0,0.0,0.0,0.0,0.0,285624.0,0.0,0.0,0.0,642.0,0.0,0.0,0.0,0.0,0.0,0.0,0.0,0.0,0.0,0.0,2.0,0.0,642.0,0.0,0.0,0.0,0.0,0.0,0.0,2.0,0.0,0.0,0.0,796.0,0.0,0.0,0.0,0.0,0.0,0.0,0.0,0.0,0.0,0.0,10.0,0.0,0.0,0.0,0.0,0.0,0.0,0.0,0.0,0.0,0.0,./start.sh,./stop.sh,0.9,"0,1",,256,,./start.sh,./stop.sh,0.5,1,,,,32,0,60,10,20.0.0.1/24,ns:input,arif332/tng-bench-mp,mp.input,32
33,vAAA1_00033,2019-12-02 20:09:20.153415,2019-12-02 20:10:20.209222,280069,106,280432,280175,0.0,0.0,17368404.0,0.0,0.0,0.0,0.0,0.0,0.0,0.0,0.0,0.0,0.0,280131.0,0.0,23996932.0,0.0,0.0,0.0,0.0,0.0,0.0,280126.0,0.0,0.0,0.0,796.0,0.0,0.0,0.0,0.0,0.0,0.0,0.0,0.0,0.0,0.0,10.0,0.0,0.0,0.0,0.0,0.0,0.0,0.0,0.0,0.0,0.0,0.0,0.0,0.0,0.0,0.0,0.0,0.0,0.0,0.0,0.0,0.0,0.0,0.0,0.0,0.0,0.0,0.0,0.0,0.0,0.0,0.0,0.0,0.0,0.0,291587,110,291955,291697,0.0,0.0,976.0,0.0,0.0,0.0,0.0,0.0,0.0,0.0,0.0,0.0,0.0,12.0,0.0,0.0,0.0,0.0,0.0,0.0,0.0,0.0,0.0,0.0,0.0,0.0,25034396.0,0.0,0.0,0.0,0.0,0.0,0.0,0.0,0.0,0.0,0.0,292238.0,0.0,18118510.0,0.0,0.0,0.0,0.0,0.0,0.0,292227.0,0.0,0.0,0.0,642.0,0.0,0.0,0.0,0.0,0.0,0.0,0.0,0.0,0.0,0.0,2.0,0.0,642.0,0.0,0.0,0.0,0.0,0.0,0.0,2.0,0.0,0.0,0.0,796.0,0.0,0.0,0.0,0.0,0.0,0.0,0.0,0.0,0.0,0.0,10.0,0.0,0.0,0.0,0.0,0.0,0.0,0.0,0.0,0.0,0.0,./start.sh,./stop.sh,0.9,"0,1",,512,,./start.sh,./stop.sh,0.5,1,,,,33,0,60,10,20.0.0.1/24,ns:input,arif332/tng-bench-mp,mp.input,33
34,vAAA1_00034,2019-12-02 20:10:40.154159,2019-12-02 20:11:40.212836,280903,106,281266,281009,0.0,0.0,17421724.0,0.0,0.0,0.0,0.0,0.0,0.0,0.0,0.0,0.0,0.0,280991.0,0.0,24070519.0,0.0,0.0,0.0,0.0,0.0,0.0,280986.0,0.0,0.0,0.0,796.0,0.0,0.0,0.0,0.0,0.0,0.0,0.0,0.0,0.0,0.0,10.0,0.0,0.0,0.0,0.0,0.0,0.0,0.0,0.0,0.0,0.0,0.0,0.0,0.0,0.0,0.0,0.0,0.0,0.0,0.0,0.0,0.0,0.0,0.0,0.0,0.0,0.0,0.0,0.0,0.0,0.0,0.0,0.0,0.0,0.0,292477,110,292845,292587,0.0,0.0,976.0,0.0,0.0,0.0,0.0,0.0,0.0,0.0,0.0,0.0,0.0,12.0,0.0,0.0,0.0,0.0,0.0,0.0,0.0,0.0,0.0,0.0,0.0,0.0,25109183.0,0.0,0.0,0.0,0.0,0.0,0.0,0.0,0.0,0.0,0.0,293111.0,0.0,18172636.0,0.0,0.0,0.0,0.0,0.0,0.0,293100.0,0.0,0.0,0.0,642.0,0.0,0.0,0.0,0.0,0.0,0.0,0.0,0.0,0.0,0.0,2.0,0.0,642.0,0.0,0.0,0.0,0.0,0.0,0.0,2.0,0.0,0.0,0.0,796.0,0.0,0.0,0.0,0.0,0.0,0.0,0.0,0.0,0.0,0.0,10.0,0.0,0.0,0.0,0.0,0.0,0.0,0.0,0.0,0.0,0.0,./start.sh,./stop.sh,0.9,"0,1",,1024,,./start.sh,./stop.sh,0.5,1,,,,34,0,60,10,20.0.0.1/24,ns:input,arif332/tng-bench-mp,mp.input,34
35,vAAA1_00035,2019-12-02 20:12:00.081317,2019-12-02 20:13:00.141175,276941,106,277304,277047,0.0,0.0,17170046.0,0.0,0.0,0.0,0.0,0.0,0.0,0.0,0.0,0.0,0.0,276930.0,0.0,23722927.0,0.0,0.0,0.0,0.0,0.0,0.0,276927.0,0.0,0.0,0.0,886.0,0.0,0.0,0.0,0.0,0.0,0.0,0.0,0.0,0.0,0.0,11.0,0.0,0.0,0.0,0.0,0.0,0.0,0.0,0.0,0.0,0.0,0.0,0.0,0.0,0.0,0.0,0.0,0.0,0.0,0.0,0.0,0.0,0.0,0.0,0.0,0.0,0.0,0.0,0.0,0.0,0.0,0.0,0.0,0.0,0.0,288083,111,288452,288194,0.0,0.0,976.0,0.0,0.0,0.0,0.0,0.0,0.0,0.0,0.0,0.0,0.0,12.0,0.0,0.0,0.0,0.0,0.0,0.0,0.0,0.0,0.0,0.0,0.0,0.0,24736144.0,0.0,0.0,0.0,0.0,0.0,0.0,0.0,0.0,0.0,0.0,288757.0,0.0,17902668.0,0.0,0.0,0.0,0.0,0.0,0.0,288746.0,0.0,0.0,0.0,642.0,0.0,0.0,0.0,0.0,0.0,0.0,0.0,0.0,0.0,0.0,2.0,0.0,642.0,0.0,0.0,0.0,0.0,0.0,0.0,2.0,0.0,0.0,0.0,796.0,0.0,0.0,0.0,0.0,0.0,0.0,0.0,0.0,0.0,0.0,10.0,0.0,0.0,0.0,0.0,0.0,0.0,0.0,0.0,0.0,0.0,./start.sh,./stop.sh,0.9,"0,1",,2024,,./start.sh,./stop.sh,0.5,1,,,,35,0,60,10,20.0.0.1/24,ns:input,arif332/tng-bench-mp,mp.input,35
